Comment,Designator,Footprint,LCSC part number
"Buzzer","BZ1","Buzzer_Beeper:MagneticBuzzer_Kingstate_KCG0601",""
"22pF","C1,C2","Capacitor_SMD:C_0603_1608Metric_Pad1.05x0.95mm_HandSolder","","C1653"
"33uF","C3","Capacitor_Tantalum_SMD:CP_EIA-3528-21_Kemet-B_Pad1.50x2.35mm_HandSolder","","C10785"
"100nF","C6,C5,C4,C7,C9","Capacitor_SMD:C_0603_1608Metric_Pad1.05x0.95mm_HandSolder","","C14663"
"47uF","C8","Capacitor_Tantalum_SMD:CP_EIA-3528-21_Kemet-B_Pad1.50x2.35mm_HandSolder","","C123253"
"D_ALT","D1","Diode_SMD:D_SMA","","C95872"
"Conn_01x06_Male","J1","Connector_JST:JST_EH_S06B-EH_1x06_P2.50mm_Horizontal",""
"Conn_01x03_Male","J2","Connector_PinSocket_2.54mm:PinSocket_1x03_P2.54mm_Vertical",""
"Conn_01x04_Male","J3","Connector_PinHeader_2.54mm:PinHeader_1x04_P2.54mm_Vertical",""
"PN2222A","Q1","Package_TO_SOT_THT:TO-92_Inline",""
"BSS138","Q4,Q5,Q2,Q3","Package_TO_SOT_SMD:SOT-23","","C112239"
"10K","R13,R15,R14,R16,R7,R11,R8,R12,R5,R6","Resistor_SMD:R_0603_1608Metric_Pad1.05x0.95mm_HandSolder","","C25804"
"2.2K","R2,R1","Resistor_SMD:R_0603_1608Metric_Pad1.05x0.95mm_HandSolder","","C4190"
"120","R3,R4","Resistor_SMD:R_0603_1608Metric_Pad1.05x0.95mm_HandSolder",""
"MCP2515-xSO","U1","Package_SO:SOIC-18W_7.5x11.6mm_P1.27mm","","C12368"
"TJA1042T","U3,U2","Package_SO:SOIC-8_3.9x4.9mm_P1.27mm","","C6951"
"ESP32","U5","PSACANBridgeHW_v11:ESP32_shield",""
"LM7805_TO220","U6","Package_TO_SOT_SMD:TO-252-2",""
"8MHz","Y1","Crystal:Crystal_HC49-4H_Vertical",""